,0,1,2,3
0,2.0394221499092424,1.3721614620578138,0.03233,0.123
1,1.5725833357359884,1.4447905314607945,0.01807,0.112
2,0.23084367647532897,6.018679294203388,4.57e-05,0.112
3,5.319786161388446,1.622972722223358,0.179,0.118
4,0.6602393660753576,2.8468373703671634,0.001263,0.122
5,1.7026651137688642,1.4268537996662458,0.0215,0.11
6,0.16611414496778912,10.889351066347999,8.188e-06,0.116
7,0.16448965069769533,9.080622652475144,1.119e-05,0.128
8,0.06809046514541292,45.207021029780755,9.039e-08,0.126
9,0.06246811979256873,69.10915749783753,3.302e-08,0.122
10,0.0153897161663508,61.94381148865649,2.487e-09,0.125
11,0.025658398688101734,161.43015599607943,1.037e-09,0.112
12,0.9191181311739178,1.8253987068077375,0.004589,0.128
13,0.2659177684058616,5.5023480416329855,7.075e-05,0.111
14,0.15905368752522897,13.249355040701237,5.217e-06,0.119
15,0.0001974650693992808,58.40439158691878,4.597e-13,0.125
16,0.017333285137233742,93.44481909938042,1.4e-09,0.123
17,6.128790723599883,1.7512108207745183,0.2155,0.128
18,0.5160391055915723,4.384512193090848,0.0003901,0.12
19,8.775114456227616,2.7063126232514154,0.2406,0.124
20,0.0256597128961471,160.8429803500686,1.044e-09,0.111
21,0.6007968694843723,3.415364098318138,0.0007903,0.118
22,2.3635501249288704,1.3811213058796246,0.04308,0.11
23,0.4036561831348456,4.735663721644272,0.0002101,0.111
24,0.0004021143630286012,56.81699115997724,2.012e-12,0.128
25,0.07666468812257955,75.14647468494559,4.215e-08,0.126
26,0.9895034206072774,1.8135099077569095,0.005365,0.113
27,0.656173585081636,2.8357994161876157,0.001254,0.124
28,9.243813122052407,3.1385494649892194,0.2134,0.115
29,0.0033386613418281957,52.330114917982286,1.631e-10,0.13
30,0.15280285171072383,14.281602973580686,4.184e-06,0.126
31,0.01820707549146419,83.21998827520602,1.943e-09,0.12
32,0.14046565473564346,24.866885594582108,1.23e-06,0.117
33,3.4507330047534417,1.4086703740322901,0.08969,0.117
34,0.08408428893912633,73.41060721202135,5.31e-08,0.122
35,7.700786265718799,2.207189006420321,0.2487,0.126
36,0.026488921264986746,187.70508917661522,8.186e-10,0.13
37,0.04157002848559885,78.02868568043951,1.15e-08,0.126
38,0.02330862352595997,154.46164467204053,9.34e-10,0.123
39,0.08735011091311816,42.13788540506735,1.707e-07,0.111
40,0.14286133433887374,24.722173673143544,1.287e-06,0.114
41,5.665751378438461,1.6907450821130356,0.1927,0.119
42,0.12612594108570407,27.8810755757443,7.951e-07,0.13
43,0.15289889658802006,17.033893250373062,3.005e-06,0.12
44,0.14553903007876318,22.724983282737856,1.57e-06,0.116
45,0.00010604163461001011,59.676374804989365,1.271e-13,0.116
46,0.019910025345830057,106.84386809789433,1.417e-09,0.117
47,0.18683187719530328,6.986066309882174,2.307e-05,0.127
48,0.0007633693360988983,55.4325030454248,7.613e-12,0.126
49,0.020932681052279658,141.3237422098985,8.988e-10,0.129
50,0.028821980412103,189.6556498048075,9.494e-10,0.113
51,1.0278260702392585,1.7463046700137013,0.006082,0.113
52,5.9740893472050915,1.8086357293091349,0.1963,0.114
53,0.028503874557806872,194.638533583354,8.819e-10,0.119
54,5.518486533786014,1.6423058284402676,0.1897,0.122
55,0.797542949771554,2.11881345281113,0.002824,0.126
56,0.37780256379888716,4.7082486541757715,0.0001858,0.13
57,0.02254119643700556,49.55479055433524,8.273e-09,0.119
58,0.22175233960080654,5.874932564803102,4.397e-05,0.128
59,0.01847839707420155,87.61256352436604,1.808e-09,0.118
60,2.081784692247168,1.3841982749801722,0.03334,0.113
61,0.19446307112181954,7.432994296407098,2.24e-05,0.11
62,0.15057163917850833,15.07006681868488,3.673e-06,0.128
63,0.14410030984335778,20.713893647073014,1.839e-06,0.124
64,0.002669275798701781,52.93591437425757,1.019e-10,0.115
65,0.1419889837321491,24.192774664631195,1.325e-06,0.117
66,0.626948659695045,3.0560863136526426,0.001022,0.124
67,0.12002960710499244,31.769902082249956,5.591e-07,0.122
68,0.0202856496673716,130.6310234199686,9.869e-10,0.123
69,7.862167889936113,2.3782538100044275,0.2332,0.119
70,0.15372324547838265,15.232082578762558,3.752e-06,0.122
71,0.0768119670030392,44.21221041584826,1.202e-07,0.114
72,0.7592849353201321,2.244834538480659,0.002361,0.127
73,0.7854550239444803,2.2476147635198886,0.002522,0.119
74,0.6026798915804145,3.601411649886577,0.0007315,0.111
75,0.8514722825631327,2.100976897701383,0.003257,0.113
76,0.02531369765652629,162.4346476384466,9.967e-10,0.116
77,0.16178908034214556,9.556324909763244,9.865e-06,0.129
78,0.14281658341217376,22.255939889764498,1.574e-06,0.122
79,0.02363586521276482,154.42325593854213,9.609e-10,0.12
80,0.024989969431114315,49.51183208688749,1.019e-08,0.113
81,0.026911032910723647,49.304453085387706,1.191e-08,0.122
82,5.399846716223346,1.6195665884669528,0.1849,0.122
83,0.16450885868372214,12.067518447293233,6.641e-06,0.115
84,1.3608430527666215,1.4526851702280035,0.01344,0.123
85,0.15257967073205336,20.81098886339802,2.043e-06,0.111
86,0.9958460326479189,1.7201198365102381,0.005823,0.124
87,0.1489612984880797,18.060246145309023,2.552e-06,0.123
88,0.6819370415577306,2.720229648862495,0.001442,0.121
89,0.12507381980800839,28.571059325512998,7.458e-07,0.129
90,0.018378301563181806,101.3014828331076,1.341e-09,0.123
91,1.9031882713196944,1.3868829209976452,0.0278,0.119
92,0.0798123325033084,42.528478986670486,1.4e-07,0.127
93,0.5905727457324268,3.3603314869489,0.0007833,0.124
94,0.1517457105245483,15.761087846934956,3.428e-06,0.124
95,0.1487728857416065,23.079729955558903,1.593e-06,0.11
96,0.08086553077697688,71.93242452925729,5.112e-08,0.118
97,0.07027812182796919,70.12615068193577,4.06e-08,0.118
98,0.16563622886892396,11.828601227996934,6.987e-06,0.114
99,9.50229557048898,3.027864046933183,0.2382,0.126
100,9.228789515929066,3.0395373618362447,0.2234,0.119
101,0.16987766004937307,8.466745414356389,1.354e-05,0.126
102,0.21381603061848056,6.431600473382051,3.494e-05,0.112
103,0.31955535784897804,4.939744270346201,0.0001227,0.129
104,5.758867792992176,1.686286773393808,0.1998,0.124
105,0.0001181066101152145,59.54491864201022,1.583e-13,0.11
106,0.12775023457124113,29.3913436816231,7.365e-07,0.12
107,0.7747217133950411,2.401473399065616,0.002233,0.111
108,5.400799872785995,1.6754536993173916,0.1772,0.112
109,0.1737313279576895,10.080358806741524,1.032e-05,0.11
110,0.6902012666469134,2.6204772251037984,0.001561,0.124
111,1.1599987946510697,1.576056552425702,0.008831,0.115
112,5.636030068982702,1.665412063803716,0.1944,0.122
113,6.3451643768019395,1.924151340291806,0.2039,0.112
114,0.07673015676089476,43.36948477047727,1.245e-07,0.125
115,7.55359757989409,2.1838146412113497,0.2429,0.124
116,0.018684857724055932,99.60612830095238,1.434e-09,0.115
117,0.13901900762458713,22.983981243233348,1.402e-06,0.126
118,0.1656176371230894,9.264517363488489,1.094e-05,0.125
119,0.16803609290453164,9.929725025851946,9.923e-06,0.118
120,9.537023605278756,3.1398585500200524,0.227,0.121
121,0.16692665339073834,10.877163132636012,8.285e-06,0.115
122,0.18155060441453966,8.323297299778421,1.595e-05,0.113
123,6.13443385443926,1.8655940688327033,0.1986,0.112
124,0.2058503110116677,6.763639055369224,2.965e-05,0.111
125,0.07978674539022815,74.48639869480365,4.646e-08,0.129
126,0.07769781794854967,43.355115926955996,1.277e-07,0.123
127,0.815053902235834,2.2102217961327115,0.002781,0.114
128,0.01979836859893235,80.49187204500342,2.454e-09,0.128
129,0.5260284634846075,4.054161953370448,0.0004608,0.128
130,0.01907190990579825,100.41294194074472,1.47e-09,0.113
131,0.15673292683875772,15.949600351133032,3.576e-06,0.116
132,0.34298894010187636,4.939300175762869,0.0001413,0.113
133,0.16068836031725,13.943678318050308,4.84e-06,0.115
134,0.23121881093380528,5.987550104241512,4.626e-05,0.113
135,0.019640589889345875,127.26811671813091,9.743e-10,0.127
136,0.1399985057057667,26.076091810961202,1.115e-06,0.114
137,0.021957487856190408,116.0442481346921,1.463e-09,0.112
138,4.543354488249738,1.5098589187184754,0.1429,0.116
139,0.12832229170833365,29.212050520055033,7.52e-07,0.12
140,0.03259728419513048,49.12587908668669,1.76e-08,0.116
141,0.6335239455507282,3.2835908847362205,0.0009345,0.112
142,1.8791117144334073,1.395376050585637,0.0269,0.115
143,0.6987667176879154,2.6934035259012568,0.001536,0.117
144,0.681264311503313,2.664707143458265,0.001484,0.125
145,0.16917601379995362,11.666475826648924,7.478e-06,0.11
146,0.02408308323591262,155.48716597700778,9.84e-10,0.117
147,7.333233946082491,2.139536204045614,0.2356,0.121
148,0.020716459154194754,122.03196796490391,1.178e-09,0.115
149,0.6378677824125845,3.0231532570114856,0.001076,0.122
150,0.14360927681270608,19.674162861640802,2.015e-06,0.128
151,9.367928280476193,2.881109849607751,0.2497,0.13
152,0.36588360926193547,4.767108444411663,0.0001707,0.126
153,0.018714180909562384,105.90137489305488,1.274e-09,0.129
154,0.15485591401736507,16.011395988360732,3.465e-06,0.119
155,0.021046898121857102,80.4220376053142,2.778e-09,0.116
156,0.017617498471875815,97.06802741526934,1.341e-09,0.124
157,0.5379048925082023,3.8469182736980994,0.0005244,0.129
158,0.0030544242373232587,52.53600037351148,1.354e-10,0.127
159,0.14359112673187233,23.826558986862548,1.396e-06,0.116
160,1.2453561665104238,1.4934778406122708,0.01088,0.125
161,0.21197643647092992,6.319461992069429,3.541e-05,0.118
162,0.15148481650226636,21.00576434799316,1.978e-06,0.112
163,0.1931048616519079,7.397988505389011,2.227e-05,0.112
164,0.4508725165763055,4.602854150673696,0.0002748,0.112
165,0.8262972476323441,2.216194027901667,0.002847,0.11
166,0.020350291584251622,108.5211760033416,1.435e-09,0.116
167,0.0678189028904293,69.45108184791998,3.854e-08,0.112
168,1.05753318024124,1.728741010271132,0.006524,0.11
169,0.16586577920682266,9.296723564719635,1.09e-05,0.125
170,0.17371510129136442,9.712265814728484,1.104e-05,0.112
171,0.01989982433724233,107.71849580825268,1.392e-09,0.119
172,0.21647429360244502,6.045319584016357,3.988e-05,0.124
173,0.0341196171063888,64.96934816474757,1.113e-08,0.129
174,0.04557072672685628,77.98790963163994,1.384e-08,0.11
175,0.13143874147802007,26.158237573130677,9.768e-07,0.128
176,0.15883754176185366,13.174913674685166,5.258e-06,0.12
177,0.1652422703262042,10.133428731537304,9.246e-06,0.121
178,0.16922922486443245,8.704433078901204,1.278e-05,0.125
179,0.0007230105142626638,55.72142266276765,6.76e-12,0.11
180,1.116281365125574,1.5748438561387177,0.008186,0.124
181,7.7384541223714045,2.4189833622448185,0.2205,0.113
182,0.1590886424219976,13.933324052236408,4.75e-06,0.117
183,0.023855856161175054,151.76097537257607,1.013e-09,0.114
184,0.1738269932246225,10.026968781488465,1.043e-05,0.11
185,0.024532395402717056,157.94850530191874,9.897e-10,0.117
186,0.006686951645807927,60.62689993536348,4.898e-10,0.118
187,8.82812820212892,2.8928258641802427,0.2204,0.116
188,0.7332932392006223,2.410399273934526,0.00199,0.123
189,0.017017150865834184,93.81731602218575,1.339e-09,0.127
190,0.07210707764408926,44.62967762622943,1.04e-07,0.122
191,0.15127381266316425,13.550312366750067,4.525e-06,0.13
192,0.5911673256669295,3.7533575242851223,0.0006589,0.111
193,0.15384171302190036,18.14691357225183,2.697e-06,0.116
194,0.17704500502385315,8.334927981181968,1.513e-05,0.118
195,4.929945702343672,1.5376726590340346,0.1645,0.123
196,1.4604724576002595,1.4470681614107,0.01555,0.116
197,0.1546260843264496,14.886379265815862,3.963e-06,0.122
198,0.15835621256726612,18.170154409559398,2.851e-06,0.11
199,0.30375488243917353,5.0795182496448845,0.0001057,0.121
200,0.17220012427195405,7.906279116375821,1.573e-05,0.13
201,5.513538081682258,1.6349016493076263,0.1905,0.123
202,0.02101876799491854,137.6650823234935,9.547e-10,0.123
203,0.34722255694034354,4.818374420281461,0.000151,0.129
204,0.15364489818369986,16.834711294777563,3.102e-06,0.119
205,0.015072117761198626,49.899238674998195,3.649e-09,0.128
206,0.14385563389041897,20.1779003215861,1.927e-06,0.126
207,8.683800545241644,2.7838796085911373,0.2259,0.118
208,0.5023656878789785,4.34637259456808,0.0003751,0.128
209,7.647702550788035,2.2072868347139103,0.2453,0.125
210,0.0351004469460299,65.07293076952818,1.174e-08,0.127
211,0.02829664458964088,184.47789266494485,9.669e-10,0.113
212,0.0018847974255459098,53.6907594520309,4.942e-11,0.11
213,0.1577905114912148,14.028355203367925,4.614e-06,0.119
214,0.007616575612575234,50.93190230698335,8.951e-10,0.122
215,0.5888786256120551,3.3083966134234877,0.000798,0.127
216,0.7861047013970236,2.329882808725687,0.002401,0.113
217,0.017596471334575627,99.93159916898342,1.263e-09,0.13
218,0.025155684213548555,164.2592600203619,9.627e-10,0.119
219,0.1619388871920214,12.681877172207436,5.868e-06,0.117
220,0.023037514565443992,143.3896963098261,1.058e-09,0.111
221,0.5008979388789957,4.400443467148111,0.0003654,0.125
222,0.18869548840723516,6.996746934054282,2.347e-05,0.125
223,0.02474947320470494,164.58375078262537,9.282e-10,0.124
224,0.023089050714456816,152.84375833269056,9.358e-10,0.123
225,0.1439835114696051,25.410464474073038,1.24e-06,0.11
226,8.821171234362671,2.8954892007353394,0.2197,0.116
227,0.14986583129165928,22.112430293441797,1.755e-06,0.112
228,2.1535605390564734,1.3824562099170468,0.03573,0.113
229,0.017349600109309665,90.96146296830918,1.48e-09,0.128
230,0.17477131747008373,9.359874177967711,1.196e-05,0.113
231,0.7466386178392529,2.2527320570754346,0.002272,0.13
232,9.166352195098431,2.9372766485976007,0.2322,0.122
233,0.11279551100299531,34.3425087196684,4.243e-07,0.12
234,7.604830235453024,2.171955667903165,0.2481,0.127
235,7.733292461183627,2.1988851130254408,0.2522,0.128
236,0.16117534028006858,12.894984985673332,5.635e-06,0.117
237,0.6855441172519675,2.5825244107964327,0.001573,0.128
238,6.522846705758103,1.846019856291405,0.2277,0.128
239,0.025850952779643853,180.01124468804082,8.473e-10,0.13
240,8.759979812294732,2.8191200467986097,0.2256,0.118
241,1.0463321933128684,1.652811385123844,0.006766,0.123
242,0.059813354523498355,68.62040201055584,3.07e-08,0.12
243,0.024738785434341628,154.40625131507,1.053e-09,0.11
244,0.72634748004646,2.5219024789988813,0.001829,0.118
245,0.13732830581956557,25.514739384024967,1.119e-06,0.12
246,0.21130410679098682,6.480290632676268,3.367e-05,0.113
247,6.578423544574481,1.884808787908283,0.2253,0.125
248,0.020692308832736764,113.05316312112865,1.368e-09,0.121
249,8.447952809658865,2.7271138587747616,0.2204,0.115
250,0.021587847557741312,112.62688566212759,1.5e-09,0.111
251,0.5501559677487744,3.8830400772842064,0.0005404,0.123
252,8.240078756862536,2.70339505844555,0.2125,0.111
253,0.3837709507633573,4.703596611146703,0.000192,0.128
254,0.01977819384794485,106.83019566644658,1.398e-09,0.118
255,4.113427093754967,1.4488776525474465,0.1232,0.123
256,0.0005559440390905194,56.26269529776608,3.921e-12,0.113
257,1.2722593116409326,1.4836538184197443,0.01145,0.124
258,0.018838334261987673,62.326899427636896,3.681e-09,0.113
259,0.1381205055947956,26.970594506981712,1.017e-06,0.113
260,0.18966243878246927,7.4571978076180025,2.118e-05,0.114
261,0.16767595514370784,8.745775482577455,1.244e-05,0.127
262,1.2194835667385402,1.4981281355425167,0.01039,0.128
263,8.68018562264437,2.629099466224819,0.2457,0.126
264,0.02656669705926281,177.1412473110819,9.24e-10,0.122
265,0.325832814324601,5.018009547662123,0.0001242,0.113
266,0.021693751224039354,140.86495857982578,9.716e-10,0.12
267,0.20140163726901789,6.948882952608393,2.707e-05,0.111
268,0.07199510727965787,44.11313371106572,1.06e-07,0.13
269,7.082858010812663,2.0007987364277144,0.241,0.127
270,0.022073470069435518,117.20890200197206,1.449e-09,0.111
271,0.6883262395042505,2.7564530722976133,0.00144,0.118
272,0.11452628157317167,34.10987364722979,4.433e-07,0.118
273,0.994586519005698,1.6889420358585217,0.005946,0.129
274,8.81386890935536,2.6245435700284174,0.254,0.129
275,0.2659118418030362,5.431776021920386,7.233e-05,0.116
276,0.9892088500131446,1.754633849271542,0.005599,0.121
277,0.18809986304579598,7.268759203317236,2.18e-05,0.12
278,0.6598298086316144,3.1000286694157126,0.001108,0.111
279,0.10233954576747713,38.00122534627427,2.867e-07,0.115
280,0.7309212891536501,2.3365633948774063,0.002067,0.129
281,0.8550910639488847,2.0064659681748167,0.003499,0.121
282,0.3975127003352838,4.7427569034211325,0.0002032,0.113
283,0.1444179950131445,19.84136688748699,2.005e-06,0.126
284,0.17289621508183906,9.623926680612495,1.112e-05,0.113
285,0.1591124826407627,17.659007837841845,3.039e-06,0.11
286,6.413425588651128,1.8343598820226295,0.222,0.126
287,0.00545427355541858,51.48671509157872,4.494e-10,0.123
288,0.14046866337778294,22.72148602709269,1.463e-06,0.124
289,0.59176361436348,3.37244582103782,0.0007821,0.123
290,9.241973938864064,3.1077853027578475,0.2165,0.116
291,0.1640094777058591,11.406149711598596,7.327e-06,0.117
292,7.633731982676476,2.208476854584458,0.2442,0.124
293,0.696677520644557,2.599495946638084,0.001609,0.123
294,0.03914759656358214,65.48180478240045,1.442e-08,0.118
295,9.400348833638219,3.2657969907236915,0.2075,0.113
296,0.02149469849141626,141.5449544243204,9.448e-10,0.123
297,0.1845692590554646,7.794569352816776,1.854e-05,0.115
298,6.61166605795561,1.9584522684402643,0.2162,0.117
299,0.000333925693241819,57.36712093270569,1.362e-12,0.114
300,2.824934658125467,1.3801289323440915,0.0616,0.115
301,0.02151959596040773,145.69378586796654,8.942e-10,0.129
302,0.18979218719603635,6.978896456839731,2.385e-05,0.124
303,3.822572734547573,1.4408096034696727,0.1071,0.115
304,0.9362508607807529,1.9306922485302687,0.004419,0.11
305,5.547654781771828,1.6680576029179794,0.188,0.118
306,0.04829551421916019,47.90260617013144,4.059e-08,0.129
307,0.018710433463963977,89.12616907966267,1.792e-09,0.115
308,1.1309870780271323,1.543536989856993,0.008617,0.13
309,0.1808594796067464,8.334019274296892,1.579e-05,0.113
310,0.579097526889799,3.530383751033487,0.000697,0.122
311,0.02993998292053759,64.26948216378163,8.752e-09,0.128
312,0.1887857950914319,7.448968453331946,2.103e-05,0.116
313,0.0897835584902886,40.131625355326236,1.984e-07,0.126
314,1.4387575694283279,1.426979266982293,0.01535,0.123
315,0.17742450196923773,7.532948328051271,1.821e-05,0.128
316,0.02083185256501206,110.9258095609345,1.44e-09,0.115
317,0.9048064617435396,1.8569694067378568,0.004348,0.127
318,7.57151957687892,2.340566695439029,0.2213,0.113
319,0.25025234109711064,5.424640053161018,6.42e-05,0.13
320,0.017884883066723874,85.72025433436677,1.768e-09,0.123
321,4.7094624200869655,1.5323046415598096,0.1508,0.116
322,5.996138983911927,1.8500499670761505,0.1919,0.11
323,8.706810166801647,2.881124322290465,0.2157,0.114
324,6.857495554198527,1.9415657715787862,0.2353,0.127
325,0.02772458390717302,179.69705716144207,9.78e-10,0.114
326,0.023824696707688827,156.75931313825282,9.476e-10,0.121
327,0.07908832328953162,72.18497552214366,4.856e-08,0.127
328,0.0186132500308353,86.34538778381062,1.888e-09,0.115
329,0.13332987664257856,24.5922024009565,1.132e-06,0.13
330,0.15248369994276548,12.923464176777932,5.023e-06,0.13
331,0.01082696560338101,50.49104331253012,1.84e-09,0.114
332,7.7379687346833865,2.435921799841795,0.2182,0.112
333,1.7526019012780982,1.4114115312681044,0.02308,0.114
334,0.02092005992776677,131.54576832808561,1.035e-09,0.117
335,1.265727519112148,1.5199942103773936,0.011,0.112
336,0.14456332336127564,19.289952210766536,2.12e-06,0.127
337,0.5357346201224257,3.8739180324155518,0.0005144,0.129
338,0.1455981638235455,19.863682295595208,2.034e-06,0.124
339,6.219473088786785,1.8055389753170337,0.2132,0.123
340,0.11730724941483679,32.51902941168714,5.103e-07,0.123
341,0.028140637282945035,193.88902522657077,8.662e-10,0.121
342,0.8124660500734644,2.120470901166744,0.002928,0.122
343,0.0290081418802427,198.71717372975368,8.764e-10,0.118
344,0.02429859158908888,157.83695467735777,9.723e-10,0.119
345,0.2036031125890595,6.7012122448493185,2.948e-05,0.115
346,0.15366285050687586,20.141974279940346,2.206e-06,0.111
347,0.02462637042178738,161.30733044137094,9.564e-10,0.12
348,0.9634855169418373,1.8694487569617226,0.004886,0.111
349,0.017479345921605816,98.42560027815132,1.285e-09,0.128
350,0.15838421571877054,12.424183811798057,5.832e-06,0.122
351,2.531313686718678,1.3545568461858342,0.05057,0.13
352,0.15492230661185316,13.86878883304599,4.544e-06,0.124
353,0.1543295886500538,16.178856668310424,3.374e-06,0.119
354,0.003738297200396056,52.10756781284351,2.062e-10,0.13
355,0.9172109694735443,1.8671003356227074,0.004435,0.122
356,0.020069571577753947,125.034683012909,1.054e-09,0.121
357,0.14789130343776763,19.248161150015125,2.228e-06,0.122
358,0.14790112869577637,17.64667578104346,2.629e-06,0.126
359,0.3345877436672211,5.000234770194749,0.0001318,0.11
360,0.5864308872743944,3.320036975712001,0.0007871,0.127
361,8.12009437877135,2.5682302922998153,0.2225,0.114
362,0.08273191803244813,43.03061722718102,1.47e-07,0.113
363,8.499100745436937,2.5914218974072565,0.2406,0.123
364,9.13156808486966,2.971104278129597,0.2264,0.12
365,0.16350831223840706,9.65434367084641,9.891e-06,0.126
366,0.29728423483164423,5.224383570507274,9.659e-05,0.11
367,9.81570881269405,3.331437894132248,0.2193,0.12
368,0.33225099907495276,4.935129433710243,0.0001328,0.12
369,0.1233892285053913,28.92135428946153,7.089e-07,0.13
370,0.8022531160743896,2.1899916951338425,0.002729,0.119
371,4.0585285353244736,1.4708991017979598,0.1177,0.111
372,0.6327069709713805,2.941643443276499,0.001104,0.127
373,0.00014536291670172054,59.1033356565306,2.433e-13,0.118
374,1.3482165049427295,1.4860693716650133,0.01283,0.11
375,0.5404805908963867,3.918752836647248,0.0005139,0.126
376,0.026644949541764096,189.5719110670778,8.121e-10,0.13
377,0.09934493577955525,37.32440034743339,2.799e-07,0.128
378,0.035533776947412055,65.0278367292101,1.205e-08,0.122
379,0.024422130991591958,164.2373937006197,9.076e-10,0.126
380,0.19441556838149487,6.815869649067453,2.609e-05,0.122
381,0.18092832672877318,7.235198681243841,2.034e-05,0.129
382,0.16485949582735546,11.047046406417243,7.854e-06,0.117
383,0.15035110098152332,21.883274512085393,1.802e-06,0.112
384,0.011773584743923114,50.235225866387694,2.197e-09,0.126
385,0.01499314683049766,61.810521139761995,2.37e-09,0.117
386,0.08366191574009713,74.8791383862593,5.055e-08,0.113
387,0.16794629242306525,9.937668930971093,9.898e-06,0.118
388,0.1282525670954778,27.11379775517234,8.677e-07,0.129
389,0.025832090573878478,162.80571846599645,1.033e-09,0.112
390,0.004462966901864639,51.97416128239143,2.953e-10,0.112
391,0.01938747990440736,103.9647853668644,1.418e-09,0.117
392,0.06123336896045622,47.13648934542402,6.735e-08,0.11
393,0.1865986708257209,7.627066888400474,1.97e-05,0.115
394,0.12585653989320064,28.183920715987544,7.753e-07,0.129
395,0.02119151787800883,115.17316504094937,1.383e-09,0.119
396,0.30812998154880256,4.9909821533600836,0.0001121,0.13
397,0.505373927748002,4.33686385911745,0.0003809,0.128
398,0.8119496108615669,2.266538797355208,0.002664,0.11
399,0.0034477067951987446,52.4882717714905,1.729e-10,0.11
400,0.02096427172718518,142.00919828304512,8.929e-10,0.13
401,8.149668143154612,2.4713284323949605,0.2371,0.121
402,1.0174480116080415,1.781098393494621,0.005808,0.111
403,0.9577042708479718,1.7657098208025583,0.005205,0.127
404,0.01941304400607113,102.63598182865204,1.458e-09,0.114
405,0.759512328313957,2.260552369018566,0.002339,0.125
406,9.992521441780182,3.333832737105594,0.2271,0.124
407,0.8483515842030778,1.9690561374646711,0.003533,0.127
408,0.414735689379057,4.612834999060058,0.0002317,0.129
409,0.76800553726003,2.3976561705282915,0.002199,0.113
410,0.23942666189507666,5.843346792461601,5.174e-05,0.112
411,0.6039754171606838,3.567632472553701,0.0007457,0.112
412,0.019064275498025286,106.6139311035365,1.304e-09,0.127
413,9.727949927161621,3.407228397201327,0.208,0.115
414,0.16321693623938038,14.525477742385615,4.625e-06,0.111
415,1.1158173079983589,1.5570913047153632,0.008296,0.129
416,0.9671878291796451,1.817245858424643,0.005112,0.117
417,0.08139263308120746,42.61773623938617,1.45e-07,0.121
418,0.5547894363316479,3.9530251682127506,0.0005339,0.119
419,0.1557150318354437,11.191175151046087,6.841e-06,0.13
420,0.17785274448323354,8.589905598567382,1.446e-05,0.115
421,0.020561505883957717,138.5087956112943,9.026e-10,0.13
422,0.10743833642034065,36.74928717395223,3.374e-07,0.114
423,0.017126296418651165,93.9001277720929,1.354e-09,0.126
424,0.2658278453469137,5.503111379950143,7.069e-05,0.111
425,0.5291653578236162,4.4309329314226105,0.0004031,0.11
426,9.063926370191611,2.993631811213961,0.2205,0.117
427,0.1458058925575421,21.902296736985967,1.692e-06,0.118
428,9.500157503677531,3.388396768470028,0.2001,0.111
429,0.02484209802737031,168.02546811563906,8.974e-10,0.127
430,0.09619412429588141,39.681621996926324,2.328e-07,0.114
431,0.16424379584634355,11.642916620023149,7.074e-06,0.116
432,0.15472970110427384,13.366877637681108,4.857e-06,0.125
433,0.02243017504108862,143.33623247441466,1.003e-09,0.116
434,0.022049595543636797,118.54727830392603,1.414e-09,0.111
435,0.017441852782604413,86.9093531025982,1.637e-09,0.13
436,0.1692169797762318,9.770060488117554,1.037e-05,0.117
437,1.4164499184889237,1.4460415241384992,0.01464,0.117
438,2.0002746778443843,1.3683483898731632,0.0312,0.128
439,8.763718474555283,2.7097793101439143,0.2395,0.123
440,0.12896151309591306,26.944754214910517,8.88e-07,0.129
441,7.234881049088813,2.0603640098179414,0.2416,0.125
442,0.04629935738993065,66.81820291688133,1.938e-08,0.127
443,1.088554883447917,1.6398254177068647,0.007397,0.116
444,0.8172600718580794,2.1992797312362846,0.002815,0.114
445,3.4566795169685487,1.4017465693830744,0.09054,0.122
446,0.020703008874170557,137.20377417724967,9.324e-10,0.126
447,0.1503532014526186,15.817052091492839,3.343e-06,0.126
448,0.17243600731453343,8.49379043036434,1.387e-05,0.122
449,0.5950443998816088,3.335639109871998,0.0008045,0.123
450,0.019103024001243935,103.83530597392102,1.38e-09,0.12
451,7.600624281685268,2.2442280457418704,0.2367,0.121
452,0.21524984675542555,6.23158430381039,3.741e-05,0.118
453,0.566755479106191,3.6980347963211044,0.0006202,0.122
454,0.16773503222910618,8.355528991757247,1.352e-05,0.13
455,0.0622855479273588,68.81757602253117,3.31e-08,0.116
456,0.9315433036208054,1.8873206378367808,0.00451,0.116
457,0.6778029959259708,2.870327953928973,0.001314,0.115
458,0.6491474080429073,2.982102794060506,0.001138,0.12
459,0.017808327198164105,90.16198370389827,1.586e-09,0.125
460,7.014743041525327,2.15294335003343,0.2137,0.111
461,0.11507318722138987,33.38080597536309,4.667e-07,0.122
462,9.353870766373563,3.1588822030547514,0.2163,0.116
463,0.15314029862089779,16.18298047451077,3.321e-06,0.121
464,0.0070741493993344675,51.15553500290963,7.655e-10,0.113
465,0.02272922179827605,146.79418282640896,9.827e-10,0.118
466,0.06514055069696673,45.72408291568486,8.09e-08,0.127
467,0.5894533290626571,3.728762353845676,0.000662,0.112
468,0.08500004286289559,40.91307223712138,1.712e-07,0.13
469,0.046537375423559235,66.77357653924726,1.961e-08,0.124
470,0.027868499283071668,49.29400401818445,1.278e-08,0.12
471,4.832667004536248,1.524716622166494,0.1597,0.123
472,0.06644645122002686,46.40001086038127,8.179e-08,0.11
473,0.02118364526249993,126.10565412801283,1.154e-09,0.11
474,0.1542589940445883,12.40002375635994,5.552e-06,0.129
475,0.028825361553075683,188.69834593145154,9.592e-10,0.112
476,0.08305123087024183,41.710524926382405,1.574e-07,0.127
477,0.04456464602693893,66.55633225072663,1.81e-08,0.127
478,0.2509677942119438,5.43913731197136,6.428e-05,0.128
479,0.004949761304414572,51.778609888819695,3.66e-10,0.113
480,0.8417738634309134,1.9645608902591583,0.003489,0.13
481,0.5710901742045226,4.016980024519524,0.0005513,0.111
482,6.667357959170697,2.0129839965490914,0.2118,0.113
483,0.16882128853370612,9.397558607660795,1.107e-05,0.12
484,0.12171170763016441,29.998902493831917,6.425e-07,0.128
485,3.56510346928753,1.426162164788981,0.09433,0.112
486,0.15801732012340775,12.316850845605442,5.899e-06,0.123
487,0.19786160074221465,7.077557140824367,2.529e-05,0.112
488,0.13783674891239087,25.71378200677222,1.11e-06,0.118
489,0.02059776478562314,123.51399254121158,1.137e-09,0.115
490,0.1613720289738207,12.59674656730203,5.901e-06,0.118
491,0.6327527099874024,3.1759149970244236,0.0009816,0.117
492,0.6749444189908327,2.7638045901812016,0.001379,0.121
493,0.37763310096323316,4.767843941788648,0.0001818,0.119
494,0.1646843445905042,9.61559486011397,1.011e-05,0.124
495,0.12602716072359083,28.98558826393708,7.363e-07,0.125
496,0.5283060225500872,4.2651414300284936,0.0004278,0.121
497,0.011326644529690715,50.46464193939018,2.016e-09,0.111
498,0.15230270938031518,17.475169650354438,2.84e-06,0.12
499,0.07032320565247072,45.026500290060014,9.717e-08,0.122
500,0.6113623558200018,3.4548259155043546,0.0008037,0.113
501,5.474724655584196,1.6115415401510857,0.1913,0.126
502,0.17498019500167547,8.91277488949026,1.31e-05,0.115
503,0.3037062539046282,5.063796022460114,0.0001063,0.123
504,0.0013133849530991434,54.41914475473304,2.337e-11,0.112
505,0.6134981903466923,3.4246730152550233,0.0008206,0.114
506,0.6724684929298024,2.911274512286948,0.001266,0.115
507,0.2836468346643928,5.176669862436212,8.93e-05,0.125
508,0.020792354302569396,110.61432156062519,1.442e-09,0.115
509,0.12645731863844226,28.500044716871642,7.66e-07,0.126
510,0.23119816118806225,5.930190505866469,4.703e-05,0.115
511,0.21600360956452735,6.268281343681625,3.729e-05,0.116
512,0.12144413275696463,30.90351259779019,6.039e-07,0.124
513,0.13757021107053108,24.580820813114375,1.206e-06,0.123
514,4.328340604211965,1.4833753522742514,0.1325,0.117
515,0.02192866468947771,141.67066379425034,9.816e-10,0.119
516,0.2316347720611097,6.039535484997277,4.574e-05,0.11
517,9.28083083136351,3.097975809799572,0.2194,0.117
518,0.020390871339926613,126.3683629172579,1.065e-09,0.118
519,0.05096109851670419,77.46119144105856,1.754e-08,0.117
520,0.23587162441831339,5.889218764513254,4.954e-05,0.113
521,0.15083968126626401,15.210810012572713,3.622e-06,0.127
522,9.901018336340325,3.499587014025961,0.2066,0.116
523,7.440322471444189,2.080944252164058,0.252,0.13
524,0.02681843399208565,187.00010783156793,8.454e-10,0.127
525,0.02165214298337022,141.99176939356929,9.527e-10,0.122
526,0.7560385641029015,2.3330543202981193,0.002216,0.121
527,0.12249692595319761,32.70907148401023,5.502e-07,0.112
528,0.8202483034492448,2.1907939801244023,0.002851,0.114
529,0.8915130388736944,2.019501030034024,0.00377,0.111
530,0.5733213995950918,3.6819676306891758,0.0006391,0.12
531,3.7616971006921407,1.434570066922208,0.1043,0.116
532,0.3614274477812923,4.819104055665715,0.0001636,0.12
533,0.15844335188965242,11.882210189878984,6.34e-06,0.124
534,0.11385636200792033,35.30922878977921,4.096e-07,0.112
535,0.8593998183424628,2.012424010867478,0.00352,0.119
536,0.018358316081787895,93.08744933687184,1.583e-09,0.11
537,0.6215364075198533,3.368239812458368,0.0008645,0.113
538,0.6847912366173567,2.573723696388182,0.001578,0.129
539,0.16984678630770714,11.46947835646266,7.778e-06,0.11
540,1.4514798450451363,1.45653775751891,0.01524,0.111
541,0.0804597177317105,42.850979153600264,1.402e-07,0.121
542,1.5260762252543625,1.4306478760684291,0.01722,0.124
543,8.607807182426415,2.672228859741644,0.2359,0.121
544,0.1751019912387101,7.9007268422086865,1.629e-05,0.126
545,4.3375795886056965,1.4624965849820093,0.1354,0.127
546,9.493584918255674,3.3356760309823574,0.2048,0.113
547,0.03646112356573282,48.940589791778585,2.218e-08,0.116
548,0.16567073844060148,8.906022532755781,1.176e-05,0.128
549,8.66621276419878,2.6101852498479965,0.2475,0.126
550,0.025596465116382205,174.74634157153722,8.812e-10,0.128
551,0.15579840291697586,12.957265923749954,5.218e-06,0.125
552,7.719067359709369,2.429282651533818,0.218,0.112
553,0.9427072734735965,1.8791083587789914,0.004646,0.114
554,0.14891449800052048,17.58636818256658,2.683e-06,0.125
555,0.1958731390674581,6.579587747697044,2.818e-05,0.127
556,0.15658400320920754,15.027588627136003,3.993e-06,0.119
557,0.035142881957797675,65.03644405475471,1.178e-08,0.125
558,0.05475967271776348,47.414105882606414,5.325e-08,0.124
559,0.020315063348387945,106.55018022171745,1.483e-09,0.112
560,0.02861014034752593,197.76001912143246,8.608e-10,0.121
561,0.7258227056163572,2.474268698196384,0.001877,0.121
562,0.06655696369004496,69.56310922021208,3.7e-08,0.118
563,0.08016454893313175,42.98886808724867,1.383e-07,0.12
564,8.899260926417048,2.9210017397717056,0.2207,0.116
565,0.231352612628873,5.8952935812574925,4.757e-05,0.117
566,0.7459921250186817,2.464438774731026,0.001995,0.116
567,0.006211752258661168,51.338205770506256,5.862e-10,0.116
568,0.051916522479165915,47.80245006701295,4.71e-08,0.12
569,8.423022372244064,2.7194536201296806,0.2201,0.114
570,0.17770177933318473,7.923973565116764,1.669e-05,0.122
571,0.8354397239670002,2.0484223209828962,0.003247,0.122
572,0.0291694418520451,79.30701760535827,5.486e-09,0.115
573,7.556720005774117,2.1267558237859525,0.2522,0.129
574,0.13561335835364505,26.66277910743954,1.002e-06,0.118
575,9.072432266014468,3.159970373442924,0.2034,0.11
576,0.1645837647733438,12.317647609102886,6.399e-06,0.114
577,0.15245081956122483,17.626379003430674,2.799e-06,0.119
578,0.31660902849557004,4.958509322776444,0.0001197,0.128
579,0.019015795863494597,106.38640901612877,1.303e-09,0.127
580,0.02812246517440467,188.02554490082733,9.195e-10,0.117
581,0.020090834008933675,105.18481958361286,1.488e-09,0.112
582,8.433437913758747,2.6233243204090257,0.2327,0.119
583,7.050774766808691,2.0301931836253204,0.2341,0.123
584,0.046456231551369555,48.25983267233215,3.702e-08,0.12
585,0.8792867054619964,1.894723731101477,0.003997,0.128
586,0.10220311417375372,37.627359200845326,2.916e-07,0.118
587,0.17024440332288965,8.905128265243034,1.242e-05,0.122
588,4.852828658268565,1.562007909580622,0.1563,0.113
589,0.14172533476481244,23.984642550343963,1.342e-06,0.118
590,0.5467046861749375,4.0536269333858534,0.0004978,0.12
591,0.0059740021691021125,51.28378750626263,5.433e-10,0.127
592,0.1516394070956111,14.585172478387602,3.961e-06,0.127
593,0.06761801197630495,69.73910748061138,3.8e-08,0.119
594,0.02301681684041449,148.65862347410024,9.828e-10,0.118
595,0.1538485174104161,16.758130946564762,3.138e-06,0.119
596,6.723052864410137,1.8892218858494896,0.2346,0.129
597,0.02059392750284144,113.17539987428461,1.352e-09,0.122
598,0.7454938741592341,2.4941527758524544,0.001958,0.114
599,0.11309375428954155,34.75095799479571,4.169e-07,0.117
600,3.823108695904286,1.4286140106570875,0.1082,0.121
601,0.02640088019296465,177.51674070359306,9.086e-10,0.123
602,0.18453690926324942,7.170399526058378,2.15e-05,0.126
603,0.48889686419456946,4.5219641193731075,0.0003327,0.111
604,5.803758684607265,1.7164100406799303,0.1983,0.121
605,8.685915910780567,2.58873361980506,0.2517,0.128
606,0.7090853139372456,2.743756873793171,0.001539,0.112
607,0.001637338916508885,53.96817075439979,3.692e-11,0.111
608,0.5367514502564362,4.015986737609933,0.0004872,0.125
609,0.021201626948271463,136.62127977441645,9.862e-10,0.12
610,0.1483393296119047,16.591771019729514,2.972e-06,0.128
611,0.14239026700940569,19.550158435251074,2.005e-06,0.13
612,0.013411073581158083,50.18798357666722,2.857e-09,0.115
613,0.18380985783581028,7.1271354959203235,2.156e-05,0.128
614,0.9590911248180694,1.7843094725392947,0.005149,0.124
615,0.018318808844242643,89.06789962581983,1.72e-09,0.12
616,0.01903566632265305,82.63837518179986,2.154e-09,0.112
617,1.107156107231225,1.635188428438661,0.00768,0.113
618,0.1720329681056325,8.602674913134003,1.35e-05,0.122
619,3.8136753000446606,1.4475168370996294,0.106,0.112
620,0.1454418698423749,19.248431746157525,2.155e-06,0.126
621,0.13515397304222804,25.863544252172034,1.056e-06,0.122
622,0.1595965436025581,11.069969471030852,7.332e-06,0.125
623,0.6708789367624826,2.681121617296849,0.001426,0.127
624,0.021708269038906172,118.49361315300689,1.372e-09,0.114
625,0.6665954922386859,2.664486160759376,0.001421,0.13
626,0.16330349505034208,10.903020533103524,7.895e-06,0.12
627,0.020901935364613756,136.95615723981427,9.539e-10,0.124
628,0.23845597442675068,5.641403911897231,5.452e-05,0.125
629,0.003992885210704619,52.18922839832022,2.345e-10,0.112
630,0.16259142411717395,14.604586904238126,4.543e-06,0.111
631,0.7619679131850061,2.310648073515173,0.002282,0.121
632,0.013212322625064476,61.50280469975917,1.859e-09,0.112
633,0.018013312252872535,83.70392406238707,1.88e-09,0.122
634,0.026688196092748785,167.8308587980641,1.038e-09,0.111
635,1.0764371989008314,1.5964390332361884,0.007483,0.128
636,0.5252837575191625,4.141413930956187,0.0004438,0.126
637,0.08558935618299451,42.29121166050589,1.627e-07,0.114
638,0.0883997553764159,73.22674262026949,5.898e-08,0.111
639,0.08574974114537628,40.84390415630022,1.749e-07,0.129
640,0.1325749629184291,25.279263157735993,1.062e-06,0.129
641,0.019390238685198867,125.27871059715496,9.798e-10,0.129
642,0.028446575668375083,188.42268960123525,9.369e-10,0.115
643,0.1763166514055741,8.015029476069977,1.61e-05,0.123
644,0.17162724277450275,8.61693926341825,1.339e-05,0.122
645,0.1509711261821841,15.00537390614173,3.722e-06,0.127
646,6.132790607725448,1.8334040535127294,0.2031,0.116
647,0.18434088011678312,7.860625907932566,1.822e-05,0.115
648,0.037828831919244146,48.76435132877511,2.405e-08,0.123
649,0.11529829890085432,34.174531160435734,4.476e-07,0.116
650,5.131650617389226,1.603984114206779,0.1691,0.114
651,0.05279489831462458,77.36996126114502,1.887e-08,0.115
652,0.5299072385719467,4.281854225852861,0.0004277,0.12
653,9.421099720679024,3.149062879682334,0.2205,0.118
654,4.877674381746312,1.553064171302507,0.159,0.116
655,0.017614626757667083,90.75764037626027,1.532e-09,0.125
656,0.020257727569242937,108.98621242910124,1.41e-09,0.118
657,0.14839180540252836,19.338656003567873,2.223e-06,0.121
658,2.394238842028797,1.3709885742634154,0.0446,0.117
659,0.025097173401912424,167.20503107066122,9.249e-10,0.124
660,0.027185413628704767,178.26913583297235,9.554e-10,0.117
661,0.567195050196841,3.6505991972651093,0.000634,0.123
662,0.15247494423671507,16.177529274188682,3.294e-06,0.122
663,0.9545813741370361,1.8421753654079636,0.004891,0.117
664,0.03842359922938454,78.46618894421803,9.721e-09,0.115
665,0.07299475398911509,45.05701749478275,1.046e-07,0.113
666,0.0001100596679598032,59.647822861864995,1.37e-13,0.112
667,1.0531669284454461,1.718617766889433,0.00652,0.112
668,8.297875097079892,2.6129475694992426,0.2266,0.116
669,0.1408482529361782,24.538963579031144,1.269e-06,0.118
670,0.12932219527447172,29.47279770937612,7.507e-07,0.117
671,0.4772174767133449,4.478401564930827,0.0003222,0.125
672,0.00045526386648960296,56.60977571264804,2.598e-12,0.121
673,4.8822045779322805,1.5775604963308252,0.1563,0.111
674,7.974891935407872,2.4659629388603514,0.2277,0.116
675,0.022173466992801597,151.28373075036902,8.809e-10,0.13
676,9.954568398561126,3.692617450778758,0.1918,0.111
677,0.11136796840238854,35.51909838003189,3.874e-07,0.115
678,0.025248897934569525,165.72627013531465,9.528e-10,0.121
679,7.798572112322237,2.330607274305601,0.2362,0.12
680,0.5785312104115254,3.8855091850371,0.000597,0.112
681,0.02576267962569688,165.6473400865506,9.929e-10,0.116
682,0.08185856878043926,41.8210463847593,1.521e-07,0.129
683,7.675227108634184,2.260850541929396,0.2389,0.121
684,0.1579032954179438,15.493621400490792,3.833e-06,0.116
685,0.019637470607928538,105.32698618768788,1.418e-09,0.117
686,9.097922748042203,3.0606265520175713,0.2148,0.115
687,7.2085178403821875,2.1746670496241203,0.2225,0.115
688,0.9766797385502024,1.8420480378407227,0.00512,0.112
689,0.01961214323720385,108.73410852321388,1.328e-09,0.125
690,1.5411293684842218,1.4393047102800807,0.01743,0.118
691,0.1482333237417971,17.16593269246973,2.783e-06,0.127
692,0.15894296282672965,13.788352758298945,4.835e-06,0.118
693,0.020978800980399472,134.32964285636623,9.986e-10,0.12
694,0.027042685710225427,191.41207863224807,8.206e-10,0.128
695,0.10789997439657038,34.768385454867094,3.791e-07,0.128
696,0.6774910132256987,2.9776150428286368,0.001242,0.111
697,0.17681572592545966,9.048938553064364,1.301e-05,0.112
698,1.0216164957148015,1.7013615984801878,0.006215,0.121
699,0.020042288571915628,119.52102311858657,1.149e-09,0.129
700,0.09241374646991826,40.58927304378444,2.056e-07,0.114
701,0.026785735721697016,180.4349557381178,9.055e-10,0.122
702,7.784609148761816,2.283823764213758,0.2422,0.123
703,0.18485539845668647,7.978358587470123,1.784e-05,0.113
704,1.2519386897847913,1.5114382329109388,0.01084,0.117
705,0.16460191688482195,10.417941100870323,8.721e-06,0.12
706,1.8822899891255738,1.3896885771416903,0.02712,0.119
707,0.0021583853892067095,53.226184818762334,6.592e-11,0.127
708,0.7114493216967555,2.662952977189929,0.00162,0.115
709,0.053534047829659155,67.56736867490004,2.535e-08,0.116
710,0.01875488953928988,106.55453409959586,1.264e-09,0.13
711,5.314937044812239,1.668028490462701,0.1725,0.11
712,7.548265773581128,2.2877904848739115,0.2272,0.116
713,0.0007881600066630179,55.388705179068445,8.128e-12,0.123
714,0.1668775200759009,9.510615788565866,1.059e-05,0.122
715,0.171051436956226,8.12596704073682,1.478e-05,0.128
716,6.653815401007207,2.000469093188934,0.2127,0.113
717,5.861151916212892,1.699280664205835,0.2049,0.125
718,0.022293874880084618,150.82415999406982,8.959e-10,0.128
719,0.017532743182253063,84.19211351523218,1.761e-09,0.128
720,0.15004444280395687,18.721839514675278,2.418e-06,0.12
721,0.11882691601617863,33.5326187115103,4.933e-07,0.114
722,0.44899845475482303,4.527193923436147,0.0002801,0.129
723,0.15345942237053975,17.376573197454423,2.914e-06,0.118
724,0.29468036568415595,5.081877224486088,9.945e-05,0.128
725,0.981713068797488,1.7371566228442639,0.005587,0.125
726,0.021722986420796835,135.16506638712258,1.058e-09,0.113
727,0.22171619203024223,5.85439330781075,4.422e-05,0.129
728,0.16889124517534,11.885841684310506,7.2e-06,0.11
729,0.6149716728670859,3.148280159392029,0.0009398,0.124
730,0.7207088565895355,2.4936886755773613,0.00183,0.122
731,0.18625640908793345,6.912813330042762,2.336e-05,0.13
732,0.0190974645280948,99.27737940609148,1.508e-09,0.11
733,3.71290898421989,1.405445914767607,0.1041,0.13
734,9.358657426180406,3.1694089104789436,0.2154,0.116
735,0.002496254889771611,53.0592170045493,8.872e-11,0.116
736,0.12695352952927774,29.688891116417814,7.133e-07,0.12
737,0.1720676264299283,8.981979066882554,1.249e-05,0.119
738,0.5527970673783057,3.9103300712504616,0.0005395,0.121
739,0.670931922868851,2.7878422240645584,0.001345,0.122
740,0.0718938014029789,70.93721730819513,4.154e-08,0.129
741,0.6749704320821334,2.7388081053664637,0.001398,0.123
742,0.9291745462061903,1.8543962786999508,0.004593,0.121
743,0.03260459344029857,64.69507079599047,1.024e-08,0.128
744,0.025271200286924107,163.43175349252525,9.813e-10,0.117
745,0.028502244871713073,182.48684345206883,1.002e-09,0.11
746,0.37597082089453315,4.808347719150343,0.0001777,0.113
747,0.8948954386544263,1.957641617544927,0.003962,0.116
748,0.6111662150224926,3.3173144645719463,0.000856,0.118
749,0.42759896178311585,4.650305874945927,0.000243,0.114
750,0.08063911505546252,71.51729953798761,5.142e-08,0.113
751,0.015041769664995328,50.11859729814914,3.603e-09,0.11
752,0.7385432667147244,2.308907304259855,0.002147,0.128
753,0.12390414775686373,30.774498751458694,6.337e-07,0.12
754,0.17664681677787475,7.751526428293834,1.715e-05,0.126
755,0.152316765824562,13.036530412521033,4.931e-06,0.13
756,0.017570223814271677,88.05067411167624,1.618e-09,0.13
757,0.14928531891882316,20.82842873737108,1.953e-06,0.116
758,8.791132334976695,2.725215092767228,0.239,0.123
759,9.465708792208549,3.2286714581685296,0.2142,0.116
760,0.16886022401645384,8.270274885727105,1.396e-05,0.13
761,0.027456275867780627,182.8571105516558,9.265e-10,0.118
762,0.1623596958074234,10.533181515249444,8.315e-06,0.123
763,0.3732379321211795,4.7412664875878034,0.0001792,0.127
764,0.7440145724245886,2.5373977879885388,0.001902,0.112
765,2.5340077161490466,1.365497911488943,0.0502,0.121
766,0.07535715170664838,71.45432173957008,4.498e-08,0.128
767,0.12926347808554464,29.634154247974312,7.421e-07,0.116
768,0.7563061330962518,2.4413007750290094,0.002078,0.114
769,0.6188446865868302,3.426049092722695,0.0008344,0.112
770,0.11269756628202718,34.962745467339325,4.091e-07,0.116
771,0.7594349294156817,2.282613951941848,0.002307,0.124
772,0.02001014156885388,108.37509177540308,1.391e-09,0.119
773,0.029951258314587934,64.28344088846957,8.755e-09,0.128
774,0.16702909338402042,9.647382944063734,1.033e-05,0.121
775,0.17563420442940686,8.864449830301243,1.333e-05,0.115
776,0.027317921119393077,184.6133201235037,8.999e-10,0.121
777,0.052806399399224956,67.21890189649793,2.492e-08,0.11
778,0.017385023169721417,92.18591585012922,1.447e-09,0.122
779,8.945628237442957,3.0125172130455073,0.2128,0.113
780,0.017215939241578004,92.94062921034103,1.396e-09,0.124
781,0.4102116176556763,4.690547342110751,0.0002204,0.115
782,3.3685120318799155,1.3988915035128442,0.08619,0.12
783,0.17428129719835533,9.086005007478516,1.255e-05,0.115
784,0.1498879741927832,16.61474342149581,3.027e-06,0.125
785,0.019380396431705225,109.78708687302094,1.272e-09,0.13
786,0.17765902413266796,7.451815891140192,1.861e-05,0.129
787,0.0002874659869333556,57.74533693891659,9.962e-13,0.11
788,0.18269898017590142,8.061386241303751,1.711e-05,0.114
789,0.15318905563225738,15.745573775513188,3.5e-06,0.122
790,0.012654699132998135,50.22307959881347,2.54e-09,0.119
791,8.547077769534248,2.858802747610028,0.2103,0.111
792,0.7039853298083149,2.6953710818859555,0.001558,0.116
793,0.5790241086190988,3.560517595316003,0.0006875,0.121
794,0.12322521178540931,31.459033018436994,6.006e-07,0.117
795,9.837731613365577,3.130975744382102,0.2426,0.129
796,0.1405926531898206,22.706995538527988,1.468e-06,0.124
797,5.652703040759276,1.755566865406153,0.1827,0.11
798,0.1604974677991604,14.554755366528223,4.455e-06,0.114
799,2.5313086790372856,1.3570416036241895,0.05046,0.128
800,0.1766331883639539,9.051065958648694,1.298e-05,0.112
801,0.11252965655340554,35.293309004870025,4.005e-07,0.114
802,0.1463273225959873,17.906038154221285,2.503e-06,0.128
803,0.14595076998550646,18.066344697904785,2.448e-06,0.128
804,0.08243481433099006,42.516013972441264,1.494e-07,0.119
805,0.024334937733533613,166.24093972991488,8.796e-10,0.13
806,0.19045764658043668,6.959734091458033,2.414e-05,0.123
807,0.021568201424723696,143.78208454838477,9.221e-10,0.126
808,9.936658055541859,3.669403435689225,0.193,0.111
809,0.12711854330766392,27.39547413678001,8.356e-07,0.13
810,0.08147717663671802,74.28000389997062,4.871e-08,0.127
811,0.05260792476673074,67.35199959526791,2.464e-08,0.114
812,0.14176187794054573,23.452581376538973,1.402e-06,0.12
813,0.6159673771495314,3.1479792555787753,0.000943,0.124
814,0.018658847797306862,97.94658409751354,1.478e-09,0.112
815,0.09104464555314333,39.94444275756787,2.059e-07,0.124
816,0.18789699756725278,6.878678217351235,2.398e-05,0.128
817,8.504354566097662,2.604145668105164,0.2392,0.122
818,0.9689621674783718,1.8194635773003736,0.005123,0.116
819,0.2074686420529887,6.714249158107765,3.051e-05,0.111
820,9.137412178496755,2.8758321742590076,0.2382,0.124
821,0.02568633476076374,170.46991542854698,9.323e-10,0.123
822,0.15494191890856995,16.102674420357104,3.432e-06,0.119
823,0.01926895762393075,107.97441054883225,1.299e-09,0.127
824,0.1546705944089693,17.070047515477306,3.062e-06,0.117
825,1.2054361874693063,1.513430981981096,0.01003,0.125
826,0.3157890221624011,5.00837632627106,0.000117,0.122
827,4.862955582703903,1.5552365491317,0.1578,0.115
828,0.1529288797701363,14.092449386230326,4.297e-06,0.126
829,0.0013935471309865245,54.15604548265181,2.656e-11,0.125
830,0.15310854050390496,18.466156431227503,2.584e-06,0.116
831,0.15024124793174748,19.55655909133387,2.231e-06,0.118
832,0.2042088078887677,6.855882986103782,2.849e-05,0.11
833,0.21011731923040827,6.478928692893205,3.331e-05,0.115
834,0.16109565259718134,9.601700759713479,9.697e-06,0.13
835,0.16485924032944943,14.058210848883265,5.017e-06,0.11
836,0.1842633098077414,7.783239975798834,1.853e-05,0.116
837,0.7256450026639094,2.449100426189282,0.001904,0.123
838,0.01838792509909932,92.03664126711948,1.624e-09,0.11
839,7.18106940362154,2.0679988667123927,0.2368,0.123
840,0.6649821488707994,3.0299874095920263,0.001165,0.112
841,0.02382082734327227,150.9437352728046,1.021e-09,0.114
842,0.21892133051715143,6.103118043955786,4.012e-05,0.119
843,0.16108070845612885,14.830066202762369,4.332e-06,0.113
844,0.020310191988925662,81.09078105366405,2.545e-09,0.111
845,0.4344118916018022,4.64209659807059,0.0002515,0.113
846,0.02964172596566218,79.25056291218426,5.673e-09,0.116
847,0.01960252194731358,111.02606331947644,1.273e-09,0.13
848,0.15603919185193801,14.699595662141048,4.133e-06,0.12
849,6.837978811991283,1.9727432757924377,0.229,0.122
850,0.7163504213217429,2.6730425792896795,0.001633,0.113
851,0.13380023514783568,29.356930095984396,8.098e-07,0.11
852,0.019854720161053184,129.60287035358525,9.604e-10,0.127
853,0.15159078976096624,20.839014030187123,2.011e-06,0.113
854,0.19894695908270324,6.5560870014850705,2.925e-05,0.124
855,0.017716754690713658,86.73261343022723,1.695e-09,0.126
856,0.1670295988543867,8.498504203397319,1.3e-05,0.13
857,8.655467129660371,2.5417662978584974,0.2567,0.13
858,0.0021248077786295365,53.22921036517776,6.388e-11,0.13
859,0.1570538831559534,12.34431026229516,5.804e-06,0.124
860,0.12849569889011125,27.711447817479158,8.351e-07,0.126
861,0.15746579578312936,18.620361288989177,2.691e-06,0.11
862,0.26527102137869457,5.410238867549742,7.247e-05,0.118
863,0.1569582296057275,14.143789799396878,4.496e-06,0.12
864,0.1549524050859525,13.992984500184267,4.471e-06,0.123
865,0.14024865540075432,22.1703400951723,1.529e-06,0.126
866,0.02704690571000298,183.98808414515406,8.881e-10,0.122
867,0.021500844705185377,140.0265697734822,9.658e-10,0.121
868,0.1560367156933924,11.854149365399048,6.176e-06,0.127
869,0.9214064191636855,1.9417230456199788,0.004247,0.112
870,0.08785280542082301,74.29058831748398,5.662e-08,0.11
871,6.851947787265956,2.0363541537255916,0.2202,0.116
872,6.536112476393832,1.8613339578652668,0.2262,0.126
873,0.1740835122776253,9.23209500054451,1.216e-05,0.114
874,4.027470130710358,1.4482498962649193,0.1182,0.12
875,6.7517209176060975,1.8984609341282015,0.2351,0.129
876,0.3862101042290589,4.7478724068460805,0.0001915,0.118
877,0.0033045242409519672,52.404310722381425,1.593e-10,0.125
878,7.0076230457885345,2.141328670839422,0.2149,0.112
879,0.16988255232406754,9.385968265192435,1.124e-05,0.119
880,5.603657026854215,1.6287357504379052,0.1977,0.128
881,7.121097882296596,2.0336313974463733,0.2382,0.125
882,1.2849075266705168,1.473135767977697,0.01178,0.126
883,1.1478677854418506,1.5975051043952364,0.008502,0.113
884,0.0259922299870967,167.87376051301146,9.842e-10,0.117
885,1.9086727314389242,1.38324613606186,0.02804,0.121
886,5.882291075512231,1.8001689211813998,0.1915,0.112
887,0.5069306795835898,4.380257662779465,0.0003771,0.124
888,6.610179330178641,1.86816517754035,0.2302,0.128
889,2.9369173319650446,1.3803573289921116,0.06657,0.118
890,0.022981769121666086,147.1483513806117,9.999e-10,0.116
891,0.020166138921776516,131.74281489599198,9.59e-10,0.125
892,0.12888676262881504,30.242763427770463,7.093e-07,0.114
893,0.112369565820535,34.29624478249396,4.222e-07,0.121
894,0.8513290039897125,2.007440973018505,0.003466,0.122
895,0.026708035504435172,49.46958597669623,1.165e-08,0.111
896,7.108541710615951,2.1670274641008627,0.2174,0.112
897,0.5323804925775801,4.0986070101974565,0.0004637,0.124
898,0.15331486921049786,12.43318435292762,5.457e-06,0.13
899,0.02114102602233297,129.81295676581536,1.085e-09,0.113
900,5.587320756550456,1.6370583717291949,0.1953,0.125
901,0.14184926147669158,22.284789779716018,1.549e-06,0.123
902,6.031487550795402,1.838972452388885,0.1957,0.112
903,5.761641484916515,1.6966551160971177,0.1984,0.122
904,0.03245573687286916,64.33447318840459,1.026e-08,0.112
905,0.1834505090201246,7.3291815977361905,2.044e-05,0.124
906,0.0061408105038640755,51.43245137726932,5.708e-10,0.11
907,0.13280384897769093,26.28001973921876,9.883e-07,0.125
908,8.13913552459327,2.617535907301064,0.2174,0.112
909,0.018048628129612176,97.94695774203313,1.383e-09,0.12
910,8.620445905387195,2.787293793469213,0.2222,0.116
911,0.9714170365270572,1.8026293827292388,0.005212,0.118
912,0.7836580671592389,2.332663377233205,0.002382,0.113
913,0.12726383693245655,28.581939576443286,7.715e-07,0.125
914,0.11535676056601689,32.83262547238968,4.844e-07,0.125
915,8.384961703745917,2.5177018284818002,0.2443,0.124
916,0.7362048238983819,2.5395964078646647,0.00186,0.114
917,0.01938782216612132,124.63195987208303,9.897e-10,0.129
918,0.8285736451505229,2.1347499713016966,0.003017,0.116
919,0.7732899233093717,2.337645548022055,0.002312,0.116
920,0.5328183014196031,4.072517503861027,0.0004693,0.125
921,0.137596015176785,24.30416974518718,1.233e-06,0.124
922,0.3318853544105322,4.9496225448994835,0.0001319,0.119
923,0.6848900251109452,2.77575782120149,0.001411,0.118
924,0.0035396522229313165,52.416526535601,1.827e-10,0.112
925,0.06594564069637235,76.12944169678065,3.04e-08,0.128
926,0.5703366422766031,4.097652006207793,0.0005323,0.11
927,1.121188501523275,1.5560077782332464,0.008383,0.128
928,0.23658907573996701,5.61727482440997,5.406e-05,0.128
929,0.0207359884673501,139.7624218242367,9.017e-10,0.129
930,0.7721196831250052,2.373046866720868,0.002256,0.114
931,0.17033190265643663,10.565715417099362,9.1e-06,0.112
932,0.6144228226619223,3.208415909614676,0.0009111,0.122
933,0.5570536803285588,4.1384779046326035,0.0004997,0.113
934,9.128442482584349,3.0482735242451273,0.2176,0.116
935,0.008623622371907148,50.8370881760559,1.152e-09,0.113
936,1.7083775966118018,1.3906154995159665,0.02233,0.13
937,0.026064095355840148,180.03520697170566,8.611e-10,0.128
938,0.5784247711819983,3.612986762279988,0.0006703,0.12
939,0.14959909977986927,14.743284361494021,3.778e-06,0.13
940,1.1799303737515536,1.5611354257970966,0.009247,0.115
941,1.0670591664644384,1.6297542646211705,0.007164,0.123
942,0.11276138162408589,34.22658593806216,4.269e-07,0.121
943,7.3253337227123,2.102568340592878,0.2408,0.124
944,0.14990671932982505,16.253008441849264,3.156e-06,0.126
945,0.36703219826353223,4.811626512186536,0.0001691,0.118
946,0.019436173171457023,100.97484458331078,1.51e-09,0.11
947,0.019341754668893034,100.71118607673678,1.503e-09,0.11
948,3.2245212271163326,1.3852652073210068,0.0799,0.124
949,0.08127113662214121,74.54093508239427,4.813e-08,0.124
950,0.6338431054032945,2.8989922243653536,0.001132,0.129
951,1.0635160112119957,1.6575722467096694,0.006965,0.118
952,0.002109478088359966,53.42334135018985,6.251e-11,0.113
953,0.15129355298941854,19.714159467150576,2.228e-06,0.116
954,0.12304710516770716,30.172229863977243,6.494e-07,0.125
955,0.15564245786513928,16.455542272335084,3.324e-06,0.117
956,1.2074322732740463,1.538459803101666,0.009861,0.117
957,0.5544408981932463,3.668070757270971,0.0006013,0.128
958,0.14182182454119668,24.063895520252395,1.336e-06,0.118
959,0.4990983721161716,4.363479408088355,0.0003678,0.129
960,5.750686136118519,1.7223471789170393,0.1938,0.118
961,0.7054056306524769,2.4549184349115243,0.001793,0.129
962,0.14371698401077426,22.49389300945162,1.562e-06,0.12
963,3.459975504807489,1.4097957870332427,0.09009,0.117
964,0.02227543975026013,62.99236968376479,5.04e-09,0.123
965,0.07826956556282608,42.68833918617798,1.336e-07,0.13
966,0.1662186922834699,11.467150342259531,7.452e-06,0.114
967,0.716342985129036,2.7042167219532836,0.001605,0.112
968,0.15910975518636927,14.579302462616546,4.364e-06,0.116
969,0.16116046994143593,14.852389172226957,4.324e-06,0.113
970,0.05545822713247619,47.351596036574286,5.475e-08,0.123
971,0.21208755863629317,6.289927559935126,3.573e-05,0.119
972,0.9884579394631401,1.744608246933109,0.005632,0.122
973,0.5338035746808256,4.406658192007869,0.000414,0.11
974,4.893929466348564,1.537179203389905,0.1622,0.122
975,0.17956098909900106,7.267081093682134,1.988e-05,0.13
976,8.012352100202603,2.571716292088902,0.2162,0.111
977,7.152677021053104,2.027751611864665,0.2413,0.126
978,8.10515439173841,2.4580015605618803,0.2363,0.12
